	accuracy	balanced_accuracy	f1_macro	f1_micro	f1_weighted	models	name	num_classes	num_features	num_instances	number	precision_macro	precision_micro	precision_weighted	recall_macro	recall_micro	recall_weighted	time_stamp	train_accuracy	train_balanced_accuracy	train_f1_macro	train_f1_micro	train_f1_weighted	train_precision_macro	train_precision_micro	train_precision_weighted	train_recall_macro	train_recall_micro	train_recall_weighted
0	0.4825	0.4837434973989596	0.48106969835609403	0.4825	0.48052482153936793	"[(0.24, SimpleClassificationPipeline({'balancing:strategy': 'none', 'categorical_encoding:__choice__': 'one_hot_encoding', 'classifier:__choice__': 'random_forest', 'imputation:strategy': 'mean', 'preprocessor:__choice__': 'no_preprocessing', 'rescaling:__choice__': 'normalize', 'categorical_encoding:one_hot_encoding:use_minimum_fraction': 'True', 'classifier:random_forest:bootstrap': 'True', 'classifier:random_forest:criterion': 'gini', 'classifier:random_forest:max_depth': 'None', 'classifier:random_forest:max_features': 0.5240592829918601, 'classifier:random_forest:max_leaf_nodes': 'None', 'classifier:random_forest:min_impurity_decrease': 0.0, 'classifier:random_forest:min_samples_leaf': 10, 'classifier:random_forest:min_samples_split': 16, 'classifier:random_forest:min_weight_fraction_leaf': 0.0, 'classifier:random_forest:n_estimators': 100, 'categorical_encoding:one_hot_encoding:minimum_fraction': 0.00012586572428922356},
dataset_properties={
  'task': 1,
  'sparse': False,
  'multilabel': False,
  'multiclass': False,
  'target_type': 'classification',
  'signed': False})), (0.18, SimpleClassificationPipeline({'balancing:strategy': 'weighting', 'categorical_encoding:__choice__': 'no_encoding', 'classifier:__choice__': 'extra_trees', 'imputation:strategy': 'most_frequent', 'preprocessor:__choice__': 'extra_trees_preproc_for_classification', 'rescaling:__choice__': 'none', 'classifier:extra_trees:bootstrap': 'False', 'classifier:extra_trees:criterion': 'entropy', 'classifier:extra_trees:max_depth': 'None', 'classifier:extra_trees:max_features': 0.9541039630394388, 'classifier:extra_trees:max_leaf_nodes': 'None', 'classifier:extra_trees:min_impurity_decrease': 0.0, 'classifier:extra_trees:min_samples_leaf': 16, 'classifier:extra_trees:min_samples_split': 14, 'classifier:extra_trees:min_weight_fraction_leaf': 0.0, 'classifier:extra_trees:n_estimators': 100, 'preprocessor:extra_trees_preproc_for_classification:bootstrap': 'True', 'preprocessor:extra_trees_preproc_for_classification:criterion': 'entropy', 'preprocessor:extra_trees_preproc_for_classification:max_depth': 'None', 'preprocessor:extra_trees_preproc_for_classification:max_features': 0.9082628722828775, 'preprocessor:extra_trees_preproc_for_classification:max_leaf_nodes': 'None', 'preprocessor:extra_trees_preproc_for_classification:min_impurity_decrease': 0.0, 'preprocessor:extra_trees_preproc_for_classification:min_samples_leaf': 2, 'preprocessor:extra_trees_preproc_for_classification:min_samples_split': 18, 'preprocessor:extra_trees_preproc_for_classification:min_weight_fraction_leaf': 0.0, 'preprocessor:extra_trees_preproc_for_classification:n_estimators': 100},
dataset_properties={
  'task': 1,
  'sparse': False,
  'multilabel': False,
  'multiclass': False,
  'target_type': 'classification',
  'signed': False})), (0.12, SimpleClassificationPipeline({'balancing:strategy': 'none', 'categorical_encoding:__choice__': 'one_hot_encoding', 'classifier:__choice__': 'extra_trees', 'imputation:strategy': 'most_frequent', 'preprocessor:__choice__': 'random_trees_embedding', 'rescaling:__choice__': 'robust_scaler', 'categorical_encoding:one_hot_encoding:use_minimum_fraction': 'False', 'classifier:extra_trees:bootstrap': 'False', 'classifier:extra_trees:criterion': 'entropy', 'classifier:extra_trees:max_depth': 'None', 'classifier:extra_trees:max_features': 0.39536192447534535, 'classifier:extra_trees:max_leaf_nodes': 'None', 'classifier:extra_trees:min_impurity_decrease': 0.0, 'classifier:extra_trees:min_samples_leaf': 19, 'classifier:extra_trees:min_samples_split': 3, 'classifier:extra_trees:min_weight_fraction_leaf': 0.0, 'classifier:extra_trees:n_estimators': 100, 'preprocessor:random_trees_embedding:bootstrap': 'False', 'preprocessor:random_trees_embedding:max_depth': 5, 'preprocessor:random_trees_embedding:max_leaf_nodes': 'None', 'preprocessor:random_trees_embedding:min_samples_leaf': 11, 'preprocessor:random_trees_embedding:min_samples_split': 11, 'preprocessor:random_trees_embedding:min_weight_fraction_leaf': 1.0, 'preprocessor:random_trees_embedding:n_estimators': 12, 'rescaling:robust_scaler:q_max': 0.8928631650245873, 'rescaling:robust_scaler:q_min': 0.1581877760687084},
dataset_properties={
  'task': 1,
  'sparse': False,
  'multilabel': False,
  'multiclass': False,
  'target_type': 'classification',
  'signed': False})), (0.12, SimpleClassificationPipeline({'balancing:strategy': 'none', 'categorical_encoding:__choice__': 'one_hot_encoding', 'classifier:__choice__': 'extra_trees', 'imputation:strategy': 'most_frequent', 'preprocessor:__choice__': 'random_trees_embedding', 'rescaling:__choice__': 'robust_scaler', 'categorical_encoding:one_hot_encoding:use_minimum_fraction': 'False', 'classifier:extra_trees:bootstrap': 'False', 'classifier:extra_trees:criterion': 'entropy', 'classifier:extra_trees:max_depth': 'None', 'classifier:extra_trees:max_features': 0.39536192447534535, 'classifier:extra_trees:max_leaf_nodes': 'None', 'classifier:extra_trees:min_impurity_decrease': 0.0, 'classifier:extra_trees:min_samples_leaf': 19, 'classifier:extra_trees:min_samples_split': 3, 'classifier:extra_trees:min_weight_fraction_leaf': 0.0, 'classifier:extra_trees:n_estimators': 100, 'preprocessor:random_trees_embedding:bootstrap': 'False', 'preprocessor:random_trees_embedding:max_depth': 5, 'preprocessor:random_trees_embedding:max_leaf_nodes': 'None', 'preprocessor:random_trees_embedding:min_samples_leaf': 11, 'preprocessor:random_trees_embedding:min_samples_split': 11, 'preprocessor:random_trees_embedding:min_weight_fraction_leaf': 1.0, 'preprocessor:random_trees_embedding:n_estimators': 12, 'rescaling:robust_scaler:q_max': 0.8928631650245873, 'rescaling:robust_scaler:q_min': 0.1581877760687084},
dataset_properties={
  'task': 1,
  'sparse': False,
  'multilabel': False,
  'multiclass': False,
  'target_type': 'classification',
  'signed': False})), (0.12, SimpleClassificationPipeline({'balancing:strategy': 'none', 'categorical_encoding:__choice__': 'one_hot_encoding', 'classifier:__choice__': 'random_forest', 'imputation:strategy': 'mean', 'preprocessor:__choice__': 'no_preprocessing', 'rescaling:__choice__': 'standardize', 'categorical_encoding:one_hot_encoding:use_minimum_fraction': 'True', 'classifier:random_forest:bootstrap': 'True', 'classifier:random_forest:criterion': 'gini', 'classifier:random_forest:max_depth': 'None', 'classifier:random_forest:max_features': 0.5, 'classifier:random_forest:max_leaf_nodes': 'None', 'classifier:random_forest:min_impurity_decrease': 0.0, 'classifier:random_forest:min_samples_leaf': 1, 'classifier:random_forest:min_samples_split': 2, 'classifier:random_forest:min_weight_fraction_leaf': 0.0, 'classifier:random_forest:n_estimators': 100, 'categorical_encoding:one_hot_encoding:minimum_fraction': 0.01},
dataset_properties={
  'task': 1,
  'sparse': False,
  'multilabel': False,
  'multiclass': False,
  'target_type': 'classification',
  'signed': False})), (0.12, SimpleClassificationPipeline({'balancing:strategy': 'none', 'categorical_encoding:__choice__': 'one_hot_encoding', 'classifier:__choice__': 'random_forest', 'imputation:strategy': 'mean', 'preprocessor:__choice__': 'no_preprocessing', 'rescaling:__choice__': 'standardize', 'categorical_encoding:one_hot_encoding:use_minimum_fraction': 'True', 'classifier:random_forest:bootstrap': 'True', 'classifier:random_forest:criterion': 'gini', 'classifier:random_forest:max_depth': 'None', 'classifier:random_forest:max_features': 0.5, 'classifier:random_forest:max_leaf_nodes': 'None', 'classifier:random_forest:min_impurity_decrease': 0.0, 'classifier:random_forest:min_samples_leaf': 1, 'classifier:random_forest:min_samples_split': 2, 'classifier:random_forest:min_weight_fraction_leaf': 0.0, 'classifier:random_forest:n_estimators': 100, 'categorical_encoding:one_hot_encoding:minimum_fraction': 0.01},
dataset_properties={
  'task': 1,
  'sparse': False,
  'multilabel': False,
  'multiclass': False,
  'target_type': 'classification',
  'signed': False})), (0.1, SimpleClassificationPipeline({'balancing:strategy': 'none', 'categorical_encoding:__choice__': 'one_hot_encoding', 'classifier:__choice__': 'random_forest', 'imputation:strategy': 'mean', 'preprocessor:__choice__': 'no_preprocessing', 'rescaling:__choice__': 'normalize', 'categorical_encoding:one_hot_encoding:use_minimum_fraction': 'True', 'classifier:random_forest:bootstrap': 'True', 'classifier:random_forest:criterion': 'gini', 'classifier:random_forest:max_depth': 'None', 'classifier:random_forest:max_features': 0.5240592829918601, 'classifier:random_forest:max_leaf_nodes': 'None', 'classifier:random_forest:min_impurity_decrease': 0.0, 'classifier:random_forest:min_samples_leaf': 10, 'classifier:random_forest:min_samples_split': 16, 'classifier:random_forest:min_weight_fraction_leaf': 0.0, 'classifier:random_forest:n_estimators': 100, 'categorical_encoding:one_hot_encoding:minimum_fraction': 0.00012586572428922356},
dataset_properties={
  'task': 1,
  'sparse': False,
  'multilabel': False,
  'multiclass': False,
  'target_type': 'classification',
  'signed': False}))]"	GAMETES_Epistasis_2-Way_1000atts_0.4H_EDM-1_EDM-1_1	2	1000	1600	1	0.48349206349206353	0.4825	0.48365079365079366	0.4837434973989596	0.4825	0.4825	100	0.8516666666666667	0.8515378461264945	0.8515739003543881	0.8516666666666667	0.8515986380376623	0.8521835446560764	0.8516666666666667	0.852104024965398	0.8515378461264945	0.8516666666666667	0.8516666666666667
1	0.495	0.4980992396958783	0.4841543451058505	0.495	0.4826583927066575	"[(0.82, SimpleClassificationPipeline({'balancing:strategy': 'none', 'categorical_encoding:__choice__': 'one_hot_encoding', 'classifier:__choice__': 'libsvm_svc', 'imputation:strategy': 'most_frequent', 'preprocessor:__choice__': 'no_preprocessing', 'rescaling:__choice__': 'standardize', 'categorical_encoding:one_hot_encoding:use_minimum_fraction': 'False', 'classifier:libsvm_svc:C': 6.342897164595882, 'classifier:libsvm_svc:gamma': 0.2229870623330047, 'classifier:libsvm_svc:kernel': 'rbf', 'classifier:libsvm_svc:max_iter': -1, 'classifier:libsvm_svc:shrinking': 'False', 'classifier:libsvm_svc:tol': 2.006345264381097e-05},
dataset_properties={
  'task': 1,
  'sparse': False,
  'multilabel': False,
  'multiclass': False,
  'target_type': 'classification',
  'signed': False})), (0.04, SimpleClassificationPipeline({'balancing:strategy': 'weighting', 'categorical_encoding:__choice__': 'no_encoding', 'classifier:__choice__': 'extra_trees', 'imputation:strategy': 'most_frequent', 'preprocessor:__choice__': 'extra_trees_preproc_for_classification', 'rescaling:__choice__': 'none', 'classifier:extra_trees:bootstrap': 'False', 'classifier:extra_trees:criterion': 'entropy', 'classifier:extra_trees:max_depth': 'None', 'classifier:extra_trees:max_features': 0.9541039630394388, 'classifier:extra_trees:max_leaf_nodes': 'None', 'classifier:extra_trees:min_impurity_decrease': 0.0, 'classifier:extra_trees:min_samples_leaf': 16, 'classifier:extra_trees:min_samples_split': 14, 'classifier:extra_trees:min_weight_fraction_leaf': 0.0, 'classifier:extra_trees:n_estimators': 100, 'preprocessor:extra_trees_preproc_for_classification:bootstrap': 'True', 'preprocessor:extra_trees_preproc_for_classification:criterion': 'entropy', 'preprocessor:extra_trees_preproc_for_classification:max_depth': 'None', 'preprocessor:extra_trees_preproc_for_classification:max_features': 0.9082628722828775, 'preprocessor:extra_trees_preproc_for_classification:max_leaf_nodes': 'None', 'preprocessor:extra_trees_preproc_for_classification:min_impurity_decrease': 0.0, 'preprocessor:extra_trees_preproc_for_classification:min_samples_leaf': 2, 'preprocessor:extra_trees_preproc_for_classification:min_samples_split': 18, 'preprocessor:extra_trees_preproc_for_classification:min_weight_fraction_leaf': 0.0, 'preprocessor:extra_trees_preproc_for_classification:n_estimators': 100},
dataset_properties={
  'task': 1,
  'sparse': False,
  'multilabel': False,
  'multiclass': False,
  'target_type': 'classification',
  'signed': False})), (0.04, SimpleClassificationPipeline({'balancing:strategy': 'none', 'categorical_encoding:__choice__': 'one_hot_encoding', 'classifier:__choice__': 'random_forest', 'imputation:strategy': 'mean', 'preprocessor:__choice__': 'no_preprocessing', 'rescaling:__choice__': 'standardize', 'categorical_encoding:one_hot_encoding:use_minimum_fraction': 'True', 'classifier:random_forest:bootstrap': 'True', 'classifier:random_forest:criterion': 'gini', 'classifier:random_forest:max_depth': 'None', 'classifier:random_forest:max_features': 0.5, 'classifier:random_forest:max_leaf_nodes': 'None', 'classifier:random_forest:min_impurity_decrease': 0.0, 'classifier:random_forest:min_samples_leaf': 1, 'classifier:random_forest:min_samples_split': 2, 'classifier:random_forest:min_weight_fraction_leaf': 0.0, 'classifier:random_forest:n_estimators': 100, 'categorical_encoding:one_hot_encoding:minimum_fraction': 0.01},
dataset_properties={
  'task': 1,
  'sparse': False,
  'multilabel': False,
  'multiclass': False,
  'target_type': 'classification',
  'signed': False})), (0.02, SimpleClassificationPipeline({'balancing:strategy': 'none', 'categorical_encoding:__choice__': 'one_hot_encoding', 'classifier:__choice__': 'extra_trees', 'imputation:strategy': 'most_frequent', 'preprocessor:__choice__': 'random_trees_embedding', 'rescaling:__choice__': 'robust_scaler', 'categorical_encoding:one_hot_encoding:use_minimum_fraction': 'False', 'classifier:extra_trees:bootstrap': 'False', 'classifier:extra_trees:criterion': 'entropy', 'classifier:extra_trees:max_depth': 'None', 'classifier:extra_trees:max_features': 0.39536192447534535, 'classifier:extra_trees:max_leaf_nodes': 'None', 'classifier:extra_trees:min_impurity_decrease': 0.0, 'classifier:extra_trees:min_samples_leaf': 19, 'classifier:extra_trees:min_samples_split': 3, 'classifier:extra_trees:min_weight_fraction_leaf': 0.0, 'classifier:extra_trees:n_estimators': 100, 'preprocessor:random_trees_embedding:bootstrap': 'False', 'preprocessor:random_trees_embedding:max_depth': 5, 'preprocessor:random_trees_embedding:max_leaf_nodes': 'None', 'preprocessor:random_trees_embedding:min_samples_leaf': 11, 'preprocessor:random_trees_embedding:min_samples_split': 11, 'preprocessor:random_trees_embedding:min_weight_fraction_leaf': 1.0, 'preprocessor:random_trees_embedding:n_estimators': 12, 'rescaling:robust_scaler:q_max': 0.8928631650245873, 'rescaling:robust_scaler:q_min': 0.1581877760687084},
dataset_properties={
  'task': 1,
  'sparse': False,
  'multilabel': False,
  'multiclass': False,
  'target_type': 'classification',
  'signed': False})), (0.02, SimpleClassificationPipeline({'balancing:strategy': 'none', 'categorical_encoding:__choice__': 'one_hot_encoding', 'classifier:__choice__': 'extra_trees', 'imputation:strategy': 'most_frequent', 'preprocessor:__choice__': 'random_trees_embedding', 'rescaling:__choice__': 'robust_scaler', 'categorical_encoding:one_hot_encoding:use_minimum_fraction': 'False', 'classifier:extra_trees:bootstrap': 'False', 'classifier:extra_trees:criterion': 'entropy', 'classifier:extra_trees:max_depth': 'None', 'classifier:extra_trees:max_features': 0.39536192447534535, 'classifier:extra_trees:max_leaf_nodes': 'None', 'classifier:extra_trees:min_impurity_decrease': 0.0, 'classifier:extra_trees:min_samples_leaf': 19, 'classifier:extra_trees:min_samples_split': 3, 'classifier:extra_trees:min_weight_fraction_leaf': 0.0, 'classifier:extra_trees:n_estimators': 100, 'preprocessor:random_trees_embedding:bootstrap': 'False', 'preprocessor:random_trees_embedding:max_depth': 5, 'preprocessor:random_trees_embedding:max_leaf_nodes': 'None', 'preprocessor:random_trees_embedding:min_samples_leaf': 11, 'preprocessor:random_trees_embedding:min_samples_split': 11, 'preprocessor:random_trees_embedding:min_weight_fraction_leaf': 1.0, 'preprocessor:random_trees_embedding:n_estimators': 12, 'rescaling:robust_scaler:q_max': 0.8928631650245873, 'rescaling:robust_scaler:q_min': 0.1581877760687084},
dataset_properties={
  'task': 1,
  'sparse': False,
  'multilabel': False,
  'multiclass': False,
  'target_type': 'classification',
  'signed': False})), (0.02, SimpleClassificationPipeline({'balancing:strategy': 'none', 'categorical_encoding:__choice__': 'one_hot_encoding', 'classifier:__choice__': 'random_forest', 'imputation:strategy': 'mean', 'preprocessor:__choice__': 'no_preprocessing', 'rescaling:__choice__': 'normalize', 'categorical_encoding:one_hot_encoding:use_minimum_fraction': 'True', 'classifier:random_forest:bootstrap': 'True', 'classifier:random_forest:criterion': 'gini', 'classifier:random_forest:max_depth': 'None', 'classifier:random_forest:max_features': 0.5240592829918601, 'classifier:random_forest:max_leaf_nodes': 'None', 'classifier:random_forest:min_impurity_decrease': 0.0, 'classifier:random_forest:min_samples_leaf': 10, 'classifier:random_forest:min_samples_split': 16, 'classifier:random_forest:min_weight_fraction_leaf': 0.0, 'classifier:random_forest:n_estimators': 100, 'categorical_encoding:one_hot_encoding:minimum_fraction': 0.00012586572428922356},
dataset_properties={
  'task': 1,
  'sparse': False,
  'multilabel': False,
  'multiclass': False,
  'target_type': 'classification',
  'signed': False})), (0.02, SimpleClassificationPipeline({'balancing:strategy': 'none', 'categorical_encoding:__choice__': 'one_hot_encoding', 'classifier:__choice__': 'random_forest', 'imputation:strategy': 'mean', 'preprocessor:__choice__': 'no_preprocessing', 'rescaling:__choice__': 'normalize', 'categorical_encoding:one_hot_encoding:use_minimum_fraction': 'True', 'classifier:random_forest:bootstrap': 'True', 'classifier:random_forest:criterion': 'gini', 'classifier:random_forest:max_depth': 'None', 'classifier:random_forest:max_features': 0.5240592829918601, 'classifier:random_forest:max_leaf_nodes': 'None', 'classifier:random_forest:min_impurity_decrease': 0.0, 'classifier:random_forest:min_samples_leaf': 10, 'classifier:random_forest:min_samples_split': 16, 'classifier:random_forest:min_weight_fraction_leaf': 0.0, 'classifier:random_forest:n_estimators': 100, 'categorical_encoding:one_hot_encoding:minimum_fraction': 0.00012586572428922356},
dataset_properties={
  'task': 1,
  'sparse': False,
  'multilabel': False,
  'multiclass': False,
  'target_type': 'classification',
  'signed': False})), (0.02, SimpleClassificationPipeline({'balancing:strategy': 'none', 'categorical_encoding:__choice__': 'one_hot_encoding', 'classifier:__choice__': 'random_forest', 'imputation:strategy': 'mean', 'preprocessor:__choice__': 'no_preprocessing', 'rescaling:__choice__': 'standardize', 'categorical_encoding:one_hot_encoding:use_minimum_fraction': 'True', 'classifier:random_forest:bootstrap': 'True', 'classifier:random_forest:criterion': 'gini', 'classifier:random_forest:max_depth': 'None', 'classifier:random_forest:max_features': 0.5, 'classifier:random_forest:max_leaf_nodes': 'None', 'classifier:random_forest:min_impurity_decrease': 0.0, 'classifier:random_forest:min_samples_leaf': 1, 'classifier:random_forest:min_samples_split': 2, 'classifier:random_forest:min_weight_fraction_leaf': 0.0, 'classifier:random_forest:n_estimators': 100, 'categorical_encoding:one_hot_encoding:minimum_fraction': 0.01},
dataset_properties={
  'task': 1,
  'sparse': False,
  'multilabel': False,
  'multiclass': False,
  'target_type': 'classification',
  'signed': False}))]"	GAMETES_Epistasis_2-Way_1000atts_0.4H_EDM-1_EDM-1_1	2	1000	1600	1	0.4978979975661024	0.495	0.49808496515101225	0.4980992396958783	0.495	0.495	200	0.8508333333333333	0.8505433574825547	0.850471869846483	0.8508333333333334	0.8505208818447	0.85349814412774	0.8508333333333333	0.8533043397063286	0.8505433574825547	0.8508333333333333	0.8508333333333333
2	0.48	0.48049219687875144	0.4798829736690755	0.48	0.4797269385611763	"[(0.64, SimpleClassificationPipeline({'balancing:strategy': 'none', 'categorical_encoding:__choice__': 'one_hot_encoding', 'classifier:__choice__': 'libsvm_svc', 'imputation:strategy': 'most_frequent', 'preprocessor:__choice__': 'no_preprocessing', 'rescaling:__choice__': 'standardize', 'categorical_encoding:one_hot_encoding:use_minimum_fraction': 'False', 'classifier:libsvm_svc:C': 6.342897164595882, 'classifier:libsvm_svc:gamma': 0.2229870623330047, 'classifier:libsvm_svc:kernel': 'rbf', 'classifier:libsvm_svc:max_iter': -1, 'classifier:libsvm_svc:shrinking': 'False', 'classifier:libsvm_svc:tol': 2.006345264381097e-05},
dataset_properties={
  'task': 1,
  'sparse': False,
  'multilabel': False,
  'multiclass': False,
  'target_type': 'classification',
  'signed': False})), (0.1, SimpleClassificationPipeline({'balancing:strategy': 'none', 'categorical_encoding:__choice__': 'no_encoding', 'classifier:__choice__': 'adaboost', 'imputation:strategy': 'median', 'preprocessor:__choice__': 'random_trees_embedding', 'rescaling:__choice__': 'quantile_transformer', 'classifier:adaboost:algorithm': 'SAMME', 'classifier:adaboost:learning_rate': 0.4399522636314109, 'classifier:adaboost:max_depth': 3, 'classifier:adaboost:n_estimators': 423, 'preprocessor:random_trees_embedding:bootstrap': 'True', 'preprocessor:random_trees_embedding:max_depth': 6, 'preprocessor:random_trees_embedding:max_leaf_nodes': 'None', 'preprocessor:random_trees_embedding:min_samples_leaf': 16, 'preprocessor:random_trees_embedding:min_samples_split': 15, 'preprocessor:random_trees_embedding:min_weight_fraction_leaf': 1.0, 'preprocessor:random_trees_embedding:n_estimators': 86, 'rescaling:quantile_transformer:n_quantiles': 531, 'rescaling:quantile_transformer:output_distribution': 'uniform'},
dataset_properties={
  'task': 1,
  'sparse': False,
  'multilabel': False,
  'multiclass': False,
  'target_type': 'classification',
  'signed': False})), (0.08, SimpleClassificationPipeline({'balancing:strategy': 'weighting', 'categorical_encoding:__choice__': 'one_hot_encoding', 'classifier:__choice__': 'sgd', 'imputation:strategy': 'most_frequent', 'preprocessor:__choice__': 'random_trees_embedding', 'rescaling:__choice__': 'normalize', 'categorical_encoding:one_hot_encoding:use_minimum_fraction': 'True', 'classifier:sgd:alpha': 0.00010000000000000026, 'classifier:sgd:average': 'False', 'classifier:sgd:fit_intercept': 'True', 'classifier:sgd:learning_rate': 'invscaling', 'classifier:sgd:loss': 'log', 'classifier:sgd:penalty': 'l2', 'classifier:sgd:tol': 0.00010000000000000009, 'preprocessor:random_trees_embedding:bootstrap': 'True', 'preprocessor:random_trees_embedding:max_depth': 5, 'preprocessor:random_trees_embedding:max_leaf_nodes': 'None', 'preprocessor:random_trees_embedding:min_samples_leaf': 1, 'preprocessor:random_trees_embedding:min_samples_split': 2, 'preprocessor:random_trees_embedding:min_weight_fraction_leaf': 1.0, 'preprocessor:random_trees_embedding:n_estimators': 10, 'categorical_encoding:one_hot_encoding:minimum_fraction': 0.0003173723611800348, 'classifier:sgd:eta0': 0.010000000000000014, 'classifier:sgd:power_t': 0.5},
dataset_properties={
  'task': 1,
  'sparse': False,
  'multilabel': False,
  'multiclass': False,
  'target_type': 'classification',
  'signed': False})), (0.06, SimpleClassificationPipeline({'balancing:strategy': 'weighting', 'categorical_encoding:__choice__': 'no_encoding', 'classifier:__choice__': 'gradient_boosting', 'imputation:strategy': 'mean', 'preprocessor:__choice__': 'feature_agglomeration', 'rescaling:__choice__': 'normalize', 'classifier:gradient_boosting:criterion': 'mae', 'classifier:gradient_boosting:learning_rate': 0.02143753305547678, 'classifier:gradient_boosting:loss': 'deviance', 'classifier:gradient_boosting:max_depth': 2, 'classifier:gradient_boosting:max_features': 0.4379414876738853, 'classifier:gradient_boosting:max_leaf_nodes': 'None', 'classifier:gradient_boosting:min_impurity_decrease': 0.0, 'classifier:gradient_boosting:min_samples_leaf': 20, 'classifier:gradient_boosting:min_samples_split': 18, 'classifier:gradient_boosting:min_weight_fraction_leaf': 0.0, 'classifier:gradient_boosting:n_estimators': 247, 'classifier:gradient_boosting:subsample': 0.1034153317903085, 'preprocessor:feature_agglomeration:affinity': 'euclidean', 'preprocessor:feature_agglomeration:linkage': 'ward', 'preprocessor:feature_agglomeration:n_clusters': 353, 'preprocessor:feature_agglomeration:pooling_func': 'max'},
dataset_properties={
  'task': 1,
  'sparse': False,
  'multilabel': False,
  'multiclass': False,
  'target_type': 'classification',
  'signed': False})), (0.04, SimpleClassificationPipeline({'balancing:strategy': 'none', 'categorical_encoding:__choice__': 'one_hot_encoding', 'classifier:__choice__': 'gradient_boosting', 'imputation:strategy': 'median', 'preprocessor:__choice__': 'feature_agglomeration', 'rescaling:__choice__': 'quantile_transformer', 'categorical_encoding:one_hot_encoding:use_minimum_fraction': 'False', 'classifier:gradient_boosting:criterion': 'friedman_mse', 'classifier:gradient_boosting:learning_rate': 0.24729845478857812, 'classifier:gradient_boosting:loss': 'deviance', 'classifier:gradient_boosting:max_depth': 3, 'classifier:gradient_boosting:max_features': 0.6564306719064884, 'classifier:gradient_boosting:max_leaf_nodes': 'None', 'classifier:gradient_boosting:min_impurity_decrease': 0.0, 'classifier:gradient_boosting:min_samples_leaf': 15, 'classifier:gradient_boosting:min_samples_split': 14, 'classifier:gradient_boosting:min_weight_fraction_leaf': 0.0, 'classifier:gradient_boosting:n_estimators': 220, 'classifier:gradient_boosting:subsample': 0.8082564085714649, 'preprocessor:feature_agglomeration:affinity': 'euclidean', 'preprocessor:feature_agglomeration:linkage': 'complete', 'preprocessor:feature_agglomeration:n_clusters': 332, 'preprocessor:feature_agglomeration:pooling_func': 'max', 'rescaling:quantile_transformer:n_quantiles': 1000, 'rescaling:quantile_transformer:output_distribution': 'uniform'},
dataset_properties={
  'task': 1,
  'sparse': False,
  'multilabel': False,
  'multiclass': False,
  'target_type': 'classification',
  'signed': False})), (0.02, SimpleClassificationPipeline({'balancing:strategy': 'weighting', 'categorical_encoding:__choice__': 'no_encoding', 'classifier:__choice__': 'gradient_boosting', 'imputation:strategy': 'most_frequent', 'preprocessor:__choice__': 'feature_agglomeration', 'rescaling:__choice__': 'quantile_transformer', 'classifier:gradient_boosting:criterion': 'mse', 'classifier:gradient_boosting:learning_rate': 0.5679817086763786, 'classifier:gradient_boosting:loss': 'deviance', 'classifier:gradient_boosting:max_depth': 2, 'classifier:gradient_boosting:max_features': 0.13359102380072713, 'classifier:gradient_boosting:max_leaf_nodes': 'None', 'classifier:gradient_boosting:min_impurity_decrease': 0.0, 'classifier:gradient_boosting:min_samples_leaf': 14, 'classifier:gradient_boosting:min_samples_split': 19, 'classifier:gradient_boosting:min_weight_fraction_leaf': 0.0, 'classifier:gradient_boosting:n_estimators': 240, 'classifier:gradient_boosting:subsample': 0.6865014725002149, 'preprocessor:feature_agglomeration:affinity': 'euclidean', 'preprocessor:feature_agglomeration:linkage': 'average', 'preprocessor:feature_agglomeration:n_clusters': 240, 'preprocessor:feature_agglomeration:pooling_func': 'max', 'rescaling:quantile_transformer:n_quantiles': 953, 'rescaling:quantile_transformer:output_distribution': 'normal'},
dataset_properties={
  'task': 1,
  'sparse': False,
  'multilabel': False,
  'multiclass': False,
  'target_type': 'classification',
  'signed': False})), (0.02, SimpleClassificationPipeline({'balancing:strategy': 'none', 'categorical_encoding:__choice__': 'one_hot_encoding', 'classifier:__choice__': 'extra_trees', 'imputation:strategy': 'most_frequent', 'preprocessor:__choice__': 'random_trees_embedding', 'rescaling:__choice__': 'robust_scaler', 'categorical_encoding:one_hot_encoding:use_minimum_fraction': 'False', 'classifier:extra_trees:bootstrap': 'False', 'classifier:extra_trees:criterion': 'entropy', 'classifier:extra_trees:max_depth': 'None', 'classifier:extra_trees:max_features': 0.39536192447534535, 'classifier:extra_trees:max_leaf_nodes': 'None', 'classifier:extra_trees:min_impurity_decrease': 0.0, 'classifier:extra_trees:min_samples_leaf': 19, 'classifier:extra_trees:min_samples_split': 3, 'classifier:extra_trees:min_weight_fraction_leaf': 0.0, 'classifier:extra_trees:n_estimators': 100, 'preprocessor:random_trees_embedding:bootstrap': 'False', 'preprocessor:random_trees_embedding:max_depth': 5, 'preprocessor:random_trees_embedding:max_leaf_nodes': 'None', 'preprocessor:random_trees_embedding:min_samples_leaf': 11, 'preprocessor:random_trees_embedding:min_samples_split': 11, 'preprocessor:random_trees_embedding:min_weight_fraction_leaf': 1.0, 'preprocessor:random_trees_embedding:n_estimators': 12, 'rescaling:robust_scaler:q_max': 0.8928631650245873, 'rescaling:robust_scaler:q_min': 0.1581877760687084},
dataset_properties={
  'task': 1,
  'sparse': False,
  'multilabel': False,
  'multiclass': False,
  'target_type': 'classification',
  'signed': False})), (0.02, SimpleClassificationPipeline({'balancing:strategy': 'none', 'categorical_encoding:__choice__': 'one_hot_encoding', 'classifier:__choice__': 'random_forest', 'imputation:strategy': 'mean', 'preprocessor:__choice__': 'no_preprocessing', 'rescaling:__choice__': 'normalize', 'categorical_encoding:one_hot_encoding:use_minimum_fraction': 'True', 'classifier:random_forest:bootstrap': 'True', 'classifier:random_forest:criterion': 'gini', 'classifier:random_forest:max_depth': 'None', 'classifier:random_forest:max_features': 0.5240592829918601, 'classifier:random_forest:max_leaf_nodes': 'None', 'classifier:random_forest:min_impurity_decrease': 0.0, 'classifier:random_forest:min_samples_leaf': 10, 'classifier:random_forest:min_samples_split': 16, 'classifier:random_forest:min_weight_fraction_leaf': 0.0, 'classifier:random_forest:n_estimators': 100, 'categorical_encoding:one_hot_encoding:minimum_fraction': 0.00012586572428922356},
dataset_properties={
  'task': 1,
  'sparse': False,
  'multilabel': False,
  'multiclass': False,
  'target_type': 'classification',
  'signed': False})), (0.02, SimpleClassificationPipeline({'balancing:strategy': 'none', 'categorical_encoding:__choice__': 'one_hot_encoding', 'classifier:__choice__': 'random_forest', 'imputation:strategy': 'mean', 'preprocessor:__choice__': 'no_preprocessing', 'rescaling:__choice__': 'standardize', 'categorical_encoding:one_hot_encoding:use_minimum_fraction': 'True', 'classifier:random_forest:bootstrap': 'True', 'classifier:random_forest:criterion': 'gini', 'classifier:random_forest:max_depth': 'None', 'classifier:random_forest:max_features': 0.5, 'classifier:random_forest:max_leaf_nodes': 'None', 'classifier:random_forest:min_impurity_decrease': 0.0, 'classifier:random_forest:min_samples_leaf': 1, 'classifier:random_forest:min_samples_split': 2, 'classifier:random_forest:min_weight_fraction_leaf': 0.0, 'classifier:random_forest:n_estimators': 100, 'categorical_encoding:one_hot_encoding:minimum_fraction': 0.01},
dataset_properties={
  'task': 1,
  'sparse': False,
  'multilabel': False,
  'multiclass': False,
  'target_type': 'classification',
  'signed': False}))]"	GAMETES_Epistasis_2-Way_1000atts_0.4H_EDM-1_EDM-1_1	2	1000	1600	1	0.4804511278195489	0.48	0.4806315789473684	0.48049219687875144	0.48	0.48	300	0.8491666666666666	0.8490210676030046	0.8490525126293427	0.8491666666666666	0.8490801863353605	0.8498227804398608	0.8491666666666666	0.8497322819883858	0.8490210676030046	0.8491666666666666	0.8491666666666666
3	0.5675	0.566376550620248	0.5655204023331303	0.5675	0.5661069497899806	"[(0.46, SimpleClassificationPipeline({'balancing:strategy': 'none', 'categorical_encoding:__choice__': 'no_encoding', 'classifier:__choice__': 'sgd', 'imputation:strategy': 'median', 'preprocessor:__choice__': 'polynomial', 'rescaling:__choice__': 'normalize', 'classifier:sgd:alpha': 0.025274377395859086, 'classifier:sgd:average': 'True', 'classifier:sgd:fit_intercept': 'True', 'classifier:sgd:learning_rate': 'invscaling', 'classifier:sgd:loss': 'log', 'classifier:sgd:penalty': 'elasticnet', 'classifier:sgd:tol': 0.000555083092330159, 'preprocessor:polynomial:degree': 2, 'preprocessor:polynomial:include_bias': 'True', 'preprocessor:polynomial:interaction_only': 'False', 'classifier:sgd:eta0': 0.00043917886720046197, 'classifier:sgd:l1_ratio': 0.1761387639326134, 'classifier:sgd:power_t': 0.6705777552179784},
dataset_properties={
  'task': 1,
  'sparse': False,
  'multilabel': False,
  'multiclass': False,
  'target_type': 'classification',
  'signed': False})), (0.18, SimpleClassificationPipeline({'balancing:strategy': 'none', 'categorical_encoding:__choice__': 'no_encoding', 'classifier:__choice__': 'adaboost', 'imputation:strategy': 'most_frequent', 'preprocessor:__choice__': 'select_percentile_classification', 'rescaling:__choice__': 'quantile_transformer', 'classifier:adaboost:algorithm': 'SAMME.R', 'classifier:adaboost:learning_rate': 0.4785214561231503, 'classifier:adaboost:max_depth': 1, 'classifier:adaboost:n_estimators': 426, 'preprocessor:select_percentile_classification:percentile': 71.36413466368359, 'preprocessor:select_percentile_classification:score_func': 'mutual_info', 'rescaling:quantile_transformer:n_quantiles': 34, 'rescaling:quantile_transformer:output_distribution': 'normal'},
dataset_properties={
  'task': 1,
  'sparse': False,
  'multilabel': False,
  'multiclass': False,
  'target_type': 'classification',
  'signed': False})), (0.12, SimpleClassificationPipeline({'balancing:strategy': 'weighting', 'categorical_encoding:__choice__': 'one_hot_encoding', 'classifier:__choice__': 'sgd', 'imputation:strategy': 'mean', 'preprocessor:__choice__': 'kernel_pca', 'rescaling:__choice__': 'quantile_transformer', 'categorical_encoding:one_hot_encoding:use_minimum_fraction': 'False', 'classifier:sgd:alpha': 0.00010000000000000026, 'classifier:sgd:average': 'False', 'classifier:sgd:fit_intercept': 'True', 'classifier:sgd:learning_rate': 'invscaling', 'classifier:sgd:loss': 'log', 'classifier:sgd:penalty': 'l2', 'classifier:sgd:tol': 0.00010000000000000009, 'preprocessor:kernel_pca:kernel': 'rbf', 'preprocessor:kernel_pca:n_components': 459, 'rescaling:quantile_transformer:n_quantiles': 1000, 'rescaling:quantile_transformer:output_distribution': 'uniform', 'classifier:sgd:eta0': 0.010000000000000014, 'classifier:sgd:power_t': 0.5, 'preprocessor:kernel_pca:gamma': 0.050732400913390964},
dataset_properties={
  'task': 1,
  'sparse': False,
  'multilabel': False,
  'multiclass': False,
  'target_type': 'classification',
  'signed': False})), (0.06, SimpleClassificationPipeline({'balancing:strategy': 'none', 'categorical_encoding:__choice__': 'one_hot_encoding', 'classifier:__choice__': 'libsvm_svc', 'imputation:strategy': 'most_frequent', 'preprocessor:__choice__': 'no_preprocessing', 'rescaling:__choice__': 'standardize', 'categorical_encoding:one_hot_encoding:use_minimum_fraction': 'False', 'classifier:libsvm_svc:C': 6.342897164595882, 'classifier:libsvm_svc:gamma': 0.2229870623330047, 'classifier:libsvm_svc:kernel': 'rbf', 'classifier:libsvm_svc:max_iter': -1, 'classifier:libsvm_svc:shrinking': 'False', 'classifier:libsvm_svc:tol': 2.006345264381097e-05},
dataset_properties={
  'task': 1,
  'sparse': False,
  'multilabel': False,
  'multiclass': False,
  'target_type': 'classification',
  'signed': False})), (0.04, SimpleClassificationPipeline({'balancing:strategy': 'weighting', 'categorical_encoding:__choice__': 'one_hot_encoding', 'classifier:__choice__': 'libsvm_svc', 'imputation:strategy': 'most_frequent', 'preprocessor:__choice__': 'feature_agglomeration', 'rescaling:__choice__': 'standardize', 'categorical_encoding:one_hot_encoding:use_minimum_fraction': 'True', 'classifier:libsvm_svc:C': 1.0, 'classifier:libsvm_svc:gamma': 0.10000000000000006, 'classifier:libsvm_svc:kernel': 'rbf', 'classifier:libsvm_svc:max_iter': -1, 'classifier:libsvm_svc:shrinking': 'True', 'classifier:libsvm_svc:tol': 0.0010000000000000002, 'preprocessor:feature_agglomeration:affinity': 'manhattan', 'preprocessor:feature_agglomeration:linkage': 'average', 'preprocessor:feature_agglomeration:n_clusters': 192, 'preprocessor:feature_agglomeration:pooling_func': 'median', 'categorical_encoding:one_hot_encoding:minimum_fraction': 0.010000000000000004},
dataset_properties={
  'task': 1,
  'sparse': False,
  'multilabel': False,
  'multiclass': False,
  'target_type': 'classification',
  'signed': False})), (0.04, SimpleClassificationPipeline({'balancing:strategy': 'none', 'categorical_encoding:__choice__': 'one_hot_encoding', 'classifier:__choice__': 'decision_tree', 'imputation:strategy': 'most_frequent', 'preprocessor:__choice__': 'random_trees_embedding', 'rescaling:__choice__': 'minmax', 'categorical_encoding:one_hot_encoding:use_minimum_fraction': 'False', 'classifier:decision_tree:criterion': 'gini', 'classifier:decision_tree:max_depth_factor': 0.1860744253582618, 'classifier:decision_tree:max_features': 1.0, 'classifier:decision_tree:max_leaf_nodes': 'None', 'classifier:decision_tree:min_impurity_decrease': 0.0, 'classifier:decision_tree:min_samples_leaf': 3, 'classifier:decision_tree:min_samples_split': 19, 'classifier:decision_tree:min_weight_fraction_leaf': 0.0, 'preprocessor:random_trees_embedding:bootstrap': 'True', 'preprocessor:random_trees_embedding:max_depth': 7, 'preprocessor:random_trees_embedding:max_leaf_nodes': 'None', 'preprocessor:random_trees_embedding:min_samples_leaf': 20, 'preprocessor:random_trees_embedding:min_samples_split': 4, 'preprocessor:random_trees_embedding:min_weight_fraction_leaf': 1.0, 'preprocessor:random_trees_embedding:n_estimators': 86},
dataset_properties={
  'task': 1,
  'sparse': False,
  'multilabel': False,
  'multiclass': False,
  'target_type': 'classification',
  'signed': False})), (0.02, SimpleClassificationPipeline({'balancing:strategy': 'none', 'categorical_encoding:__choice__': 'one_hot_encoding', 'classifier:__choice__': 'gradient_boosting', 'imputation:strategy': 'median', 'preprocessor:__choice__': 'feature_agglomeration', 'rescaling:__choice__': 'quantile_transformer', 'categorical_encoding:one_hot_encoding:use_minimum_fraction': 'False', 'classifier:gradient_boosting:criterion': 'friedman_mse', 'classifier:gradient_boosting:learning_rate': 0.24729845478857812, 'classifier:gradient_boosting:loss': 'deviance', 'classifier:gradient_boosting:max_depth': 3, 'classifier:gradient_boosting:max_features': 0.6564306719064884, 'classifier:gradient_boosting:max_leaf_nodes': 'None', 'classifier:gradient_boosting:min_impurity_decrease': 0.0, 'classifier:gradient_boosting:min_samples_leaf': 15, 'classifier:gradient_boosting:min_samples_split': 14, 'classifier:gradient_boosting:min_weight_fraction_leaf': 0.0, 'classifier:gradient_boosting:n_estimators': 220, 'classifier:gradient_boosting:subsample': 0.8082564085714649, 'preprocessor:feature_agglomeration:affinity': 'euclidean', 'preprocessor:feature_agglomeration:linkage': 'complete', 'preprocessor:feature_agglomeration:n_clusters': 332, 'preprocessor:feature_agglomeration:pooling_func': 'max', 'rescaling:quantile_transformer:n_quantiles': 1000, 'rescaling:quantile_transformer:output_distribution': 'uniform'},
dataset_properties={
  'task': 1,
  'sparse': False,
  'multilabel': False,
  'multiclass': False,
  'target_type': 'classification',
  'signed': False})), (0.02, SimpleClassificationPipeline({'balancing:strategy': 'weighting', 'categorical_encoding:__choice__': 'one_hot_encoding', 'classifier:__choice__': 'sgd', 'imputation:strategy': 'most_frequent', 'preprocessor:__choice__': 'random_trees_embedding', 'rescaling:__choice__': 'normalize', 'categorical_encoding:one_hot_encoding:use_minimum_fraction': 'True', 'classifier:sgd:alpha': 0.00010000000000000026, 'classifier:sgd:average': 'False', 'classifier:sgd:fit_intercept': 'True', 'classifier:sgd:learning_rate': 'invscaling', 'classifier:sgd:loss': 'log', 'classifier:sgd:penalty': 'l2', 'classifier:sgd:tol': 0.00010000000000000009, 'preprocessor:random_trees_embedding:bootstrap': 'True', 'preprocessor:random_trees_embedding:max_depth': 5, 'preprocessor:random_trees_embedding:max_leaf_nodes': 'None', 'preprocessor:random_trees_embedding:min_samples_leaf': 1, 'preprocessor:random_trees_embedding:min_samples_split': 2, 'preprocessor:random_trees_embedding:min_weight_fraction_leaf': 1.0, 'preprocessor:random_trees_embedding:n_estimators': 10, 'categorical_encoding:one_hot_encoding:minimum_fraction': 0.0003173723611800348, 'classifier:sgd:eta0': 0.010000000000000014, 'classifier:sgd:power_t': 0.5},
dataset_properties={
  'task': 1,
  'sparse': False,
  'multilabel': False,
  'multiclass': False,
  'target_type': 'classification',
  'signed': False})), (0.02, SimpleClassificationPipeline({'balancing:strategy': 'none', 'categorical_encoding:__choice__': 'one_hot_encoding', 'classifier:__choice__': 'extra_trees', 'imputation:strategy': 'most_frequent', 'preprocessor:__choice__': 'random_trees_embedding', 'rescaling:__choice__': 'robust_scaler', 'categorical_encoding:one_hot_encoding:use_minimum_fraction': 'False', 'classifier:extra_trees:bootstrap': 'False', 'classifier:extra_trees:criterion': 'entropy', 'classifier:extra_trees:max_depth': 'None', 'classifier:extra_trees:max_features': 0.39536192447534535, 'classifier:extra_trees:max_leaf_nodes': 'None', 'classifier:extra_trees:min_impurity_decrease': 0.0, 'classifier:extra_trees:min_samples_leaf': 19, 'classifier:extra_trees:min_samples_split': 3, 'classifier:extra_trees:min_weight_fraction_leaf': 0.0, 'classifier:extra_trees:n_estimators': 100, 'preprocessor:random_trees_embedding:bootstrap': 'False', 'preprocessor:random_trees_embedding:max_depth': 5, 'preprocessor:random_trees_embedding:max_leaf_nodes': 'None', 'preprocessor:random_trees_embedding:min_samples_leaf': 11, 'preprocessor:random_trees_embedding:min_samples_split': 11, 'preprocessor:random_trees_embedding:min_weight_fraction_leaf': 1.0, 'preprocessor:random_trees_embedding:n_estimators': 12, 'rescaling:robust_scaler:q_max': 0.8928631650245873, 'rescaling:robust_scaler:q_min': 0.1581877760687084},
dataset_properties={
  'task': 1,
  'sparse': False,
  'multilabel': False,
  'multiclass': False,
  'target_type': 'classification',
  'signed': False})), (0.02, SimpleClassificationPipeline({'balancing:strategy': 'none', 'categorical_encoding:__choice__': 'no_encoding', 'classifier:__choice__': 'bernoulli_nb', 'imputation:strategy': 'mean', 'preprocessor:__choice__': 'nystroem_sampler', 'rescaling:__choice__': 'quantile_transformer', 'classifier:bernoulli_nb:alpha': 6.76920207184315, 'classifier:bernoulli_nb:fit_prior': 'True', 'preprocessor:nystroem_sampler:kernel': 'poly', 'preprocessor:nystroem_sampler:n_components': 1342, 'rescaling:quantile_transformer:n_quantiles': 1914, 'rescaling:quantile_transformer:output_distribution': 'normal', 'preprocessor:nystroem_sampler:coef0': -0.7772444692706737, 'preprocessor:nystroem_sampler:degree': 5, 'preprocessor:nystroem_sampler:gamma': 0.1365211420992446},
dataset_properties={
  'task': 1,
  'sparse': False,
  'multilabel': False,
  'multiclass': False,
  'target_type': 'classification',
  'signed': False})), (0.02, SimpleClassificationPipeline({'balancing:strategy': 'weighting', 'categorical_encoding:__choice__': 'one_hot_encoding', 'classifier:__choice__': 'liblinear_svc', 'imputation:strategy': 'most_frequent', 'preprocessor:__choice__': 'kernel_pca', 'rescaling:__choice__': 'none', 'categorical_encoding:one_hot_encoding:use_minimum_fraction': 'True', 'classifier:liblinear_svc:C': 0.13805568728280845, 'classifier:liblinear_svc:dual': 'False', 'classifier:liblinear_svc:fit_intercept': 'True', 'classifier:liblinear_svc:intercept_scaling': 1, 'classifier:liblinear_svc:loss': 'squared_hinge', 'classifier:liblinear_svc:multi_class': 'ovr', 'classifier:liblinear_svc:penalty': 'l2', 'classifier:liblinear_svc:tol': 0.0010792167706641822, 'preprocessor:kernel_pca:kernel': 'poly', 'preprocessor:kernel_pca:n_components': 1626, 'categorical_encoding:one_hot_encoding:minimum_fraction': 0.2778409807267457, 'preprocessor:kernel_pca:coef0': -0.014091804565052657, 'preprocessor:kernel_pca:degree': 4, 'preprocessor:kernel_pca:gamma': 0.14974077667395133},
dataset_properties={
  'task': 1,
  'sparse': False,
  'multilabel': False,
  'multiclass': False,
  'target_type': 'classification',
  'signed': False}))]"	GAMETES_Epistasis_2-Way_1000atts_0.4H_EDM-1_EDM-1_1	2	1000	1600	1	0.5672392389349142	0.5675	0.5672845886853639	0.566376550620248	0.5675	0.5675	400	0.8666666666666667	0.8666496288723944	0.8666574067643587	0.8666666666666667	0.8666648146862049	0.8666700003333667	0.8666666666666667	0.8666677778889	0.8666496288723944	0.8666666666666667	0.8666666666666667
4	0.61	0.6141456582633054	0.5945840588372878	0.61	0.5930029366667532	"[(0.52, SimpleClassificationPipeline({'balancing:strategy': 'none', 'categorical_encoding:__choice__': 'no_encoding', 'classifier:__choice__': 'sgd', 'imputation:strategy': 'median', 'preprocessor:__choice__': 'polynomial', 'rescaling:__choice__': 'normalize', 'classifier:sgd:alpha': 0.025274377395859086, 'classifier:sgd:average': 'True', 'classifier:sgd:fit_intercept': 'True', 'classifier:sgd:learning_rate': 'invscaling', 'classifier:sgd:loss': 'log', 'classifier:sgd:penalty': 'elasticnet', 'classifier:sgd:tol': 0.000555083092330159, 'preprocessor:polynomial:degree': 2, 'preprocessor:polynomial:include_bias': 'True', 'preprocessor:polynomial:interaction_only': 'False', 'classifier:sgd:eta0': 0.00043917886720046197, 'classifier:sgd:l1_ratio': 0.1761387639326134, 'classifier:sgd:power_t': 0.6705777552179784},
dataset_properties={
  'task': 1,
  'sparse': False,
  'multilabel': False,
  'multiclass': False,
  'target_type': 'classification',
  'signed': False})), (0.14, SimpleClassificationPipeline({'balancing:strategy': 'none', 'categorical_encoding:__choice__': 'no_encoding', 'classifier:__choice__': 'adaboost', 'imputation:strategy': 'most_frequent', 'preprocessor:__choice__': 'select_percentile_classification', 'rescaling:__choice__': 'quantile_transformer', 'classifier:adaboost:algorithm': 'SAMME.R', 'classifier:adaboost:learning_rate': 0.4785214561231503, 'classifier:adaboost:max_depth': 1, 'classifier:adaboost:n_estimators': 426, 'preprocessor:select_percentile_classification:percentile': 71.36413466368359, 'preprocessor:select_percentile_classification:score_func': 'mutual_info', 'rescaling:quantile_transformer:n_quantiles': 34, 'rescaling:quantile_transformer:output_distribution': 'normal'},
dataset_properties={
  'task': 1,
  'sparse': False,
  'multilabel': False,
  'multiclass': False,
  'target_type': 'classification',
  'signed': False})), (0.08, SimpleClassificationPipeline({'balancing:strategy': 'none', 'categorical_encoding:__choice__': 'no_encoding', 'classifier:__choice__': 'qda', 'imputation:strategy': 'most_frequent', 'preprocessor:__choice__': 'kitchen_sinks', 'rescaling:__choice__': 'normalize', 'classifier:qda:reg_param': 0.31702043416056547, 'preprocessor:kitchen_sinks:gamma': 0.12374352877870184, 'preprocessor:kitchen_sinks:n_components': 176},
dataset_properties={
  'task': 1,
  'sparse': False,
  'multilabel': False,
  'multiclass': False,
  'target_type': 'classification',
  'signed': False})), (0.06, SimpleClassificationPipeline({'balancing:strategy': 'weighting', 'categorical_encoding:__choice__': 'one_hot_encoding', 'classifier:__choice__': 'libsvm_svc', 'imputation:strategy': 'most_frequent', 'preprocessor:__choice__': 'feature_agglomeration', 'rescaling:__choice__': 'standardize', 'categorical_encoding:one_hot_encoding:use_minimum_fraction': 'True', 'classifier:libsvm_svc:C': 1.0, 'classifier:libsvm_svc:gamma': 0.10000000000000006, 'classifier:libsvm_svc:kernel': 'rbf', 'classifier:libsvm_svc:max_iter': -1, 'classifier:libsvm_svc:shrinking': 'True', 'classifier:libsvm_svc:tol': 0.0010000000000000002, 'preprocessor:feature_agglomeration:affinity': 'manhattan', 'preprocessor:feature_agglomeration:linkage': 'average', 'preprocessor:feature_agglomeration:n_clusters': 192, 'preprocessor:feature_agglomeration:pooling_func': 'median', 'categorical_encoding:one_hot_encoding:minimum_fraction': 0.010000000000000004},
dataset_properties={
  'task': 1,
  'sparse': False,
  'multilabel': False,
  'multiclass': False,
  'target_type': 'classification',
  'signed': False})), (0.04, SimpleClassificationPipeline({'balancing:strategy': 'weighting', 'categorical_encoding:__choice__': 'one_hot_encoding', 'classifier:__choice__': 'sgd', 'imputation:strategy': 'mean', 'preprocessor:__choice__': 'kernel_pca', 'rescaling:__choice__': 'quantile_transformer', 'categorical_encoding:one_hot_encoding:use_minimum_fraction': 'False', 'classifier:sgd:alpha': 0.00010000000000000026, 'classifier:sgd:average': 'False', 'classifier:sgd:fit_intercept': 'True', 'classifier:sgd:learning_rate': 'invscaling', 'classifier:sgd:loss': 'log', 'classifier:sgd:penalty': 'l2', 'classifier:sgd:tol': 0.00010000000000000009, 'preprocessor:kernel_pca:kernel': 'rbf', 'preprocessor:kernel_pca:n_components': 459, 'rescaling:quantile_transformer:n_quantiles': 1000, 'rescaling:quantile_transformer:output_distribution': 'uniform', 'classifier:sgd:eta0': 0.010000000000000014, 'classifier:sgd:power_t': 0.5, 'preprocessor:kernel_pca:gamma': 0.050732400913390964},
dataset_properties={
  'task': 1,
  'sparse': False,
  'multilabel': False,
  'multiclass': False,
  'target_type': 'classification',
  'signed': False})), (0.04, SimpleClassificationPipeline({'balancing:strategy': 'none', 'categorical_encoding:__choice__': 'one_hot_encoding', 'classifier:__choice__': 'libsvm_svc', 'imputation:strategy': 'most_frequent', 'preprocessor:__choice__': 'no_preprocessing', 'rescaling:__choice__': 'standardize', 'categorical_encoding:one_hot_encoding:use_minimum_fraction': 'False', 'classifier:libsvm_svc:C': 6.342897164595882, 'classifier:libsvm_svc:gamma': 0.2229870623330047, 'classifier:libsvm_svc:kernel': 'rbf', 'classifier:libsvm_svc:max_iter': -1, 'classifier:libsvm_svc:shrinking': 'False', 'classifier:libsvm_svc:tol': 2.006345264381097e-05},
dataset_properties={
  'task': 1,
  'sparse': False,
  'multilabel': False,
  'multiclass': False,
  'target_type': 'classification',
  'signed': False})), (0.02, SimpleClassificationPipeline({'balancing:strategy': 'weighting', 'categorical_encoding:__choice__': 'one_hot_encoding', 'classifier:__choice__': 'decision_tree', 'imputation:strategy': 'most_frequent', 'preprocessor:__choice__': 'polynomial', 'rescaling:__choice__': 'robust_scaler', 'categorical_encoding:one_hot_encoding:use_minimum_fraction': 'False', 'classifier:decision_tree:criterion': 'gini', 'classifier:decision_tree:max_depth_factor': 0.3897211376294538, 'classifier:decision_tree:max_features': 1.0, 'classifier:decision_tree:max_leaf_nodes': 'None', 'classifier:decision_tree:min_impurity_decrease': 0.0, 'classifier:decision_tree:min_samples_leaf': 19, 'classifier:decision_tree:min_samples_split': 19, 'classifier:decision_tree:min_weight_fraction_leaf': 0.0, 'preprocessor:polynomial:degree': 2, 'preprocessor:polynomial:include_bias': 'False', 'preprocessor:polynomial:interaction_only': 'False', 'rescaling:robust_scaler:q_max': 0.8729834057993179, 'rescaling:robust_scaler:q_min': 0.21317379693191832},
dataset_properties={
  'task': 1,
  'sparse': False,
  'multilabel': False,
  'multiclass': False,
  'target_type': 'classification',
  'signed': False})), (0.02, SimpleClassificationPipeline({'balancing:strategy': 'weighting', 'categorical_encoding:__choice__': 'one_hot_encoding', 'classifier:__choice__': 'random_forest', 'imputation:strategy': 'mean', 'preprocessor:__choice__': 'random_trees_embedding', 'rescaling:__choice__': 'none', 'categorical_encoding:one_hot_encoding:use_minimum_fraction': 'True', 'classifier:random_forest:bootstrap': 'False', 'classifier:random_forest:criterion': 'entropy', 'classifier:random_forest:max_depth': 'None', 'classifier:random_forest:max_features': 0.2528402006165624, 'classifier:random_forest:max_leaf_nodes': 'None', 'classifier:random_forest:min_impurity_decrease': 0.0, 'classifier:random_forest:min_samples_leaf': 6, 'classifier:random_forest:min_samples_split': 2, 'classifier:random_forest:min_weight_fraction_leaf': 0.0, 'classifier:random_forest:n_estimators': 100, 'preprocessor:random_trees_embedding:bootstrap': 'False', 'preprocessor:random_trees_embedding:max_depth': 8, 'preprocessor:random_trees_embedding:max_leaf_nodes': 'None', 'preprocessor:random_trees_embedding:min_samples_leaf': 17, 'preprocessor:random_trees_embedding:min_samples_split': 9, 'preprocessor:random_trees_embedding:min_weight_fraction_leaf': 1.0, 'preprocessor:random_trees_embedding:n_estimators': 12, 'categorical_encoding:one_hot_encoding:minimum_fraction': 0.0011903543499237324},
dataset_properties={
  'task': 1,
  'sparse': False,
  'multilabel': False,
  'multiclass': False,
  'target_type': 'classification',
  'signed': False})), (0.02, SimpleClassificationPipeline({'balancing:strategy': 'none', 'categorical_encoding:__choice__': 'one_hot_encoding', 'classifier:__choice__': 'extra_trees', 'imputation:strategy': 'most_frequent', 'preprocessor:__choice__': 'random_trees_embedding', 'rescaling:__choice__': 'robust_scaler', 'categorical_encoding:one_hot_encoding:use_minimum_fraction': 'False', 'classifier:extra_trees:bootstrap': 'False', 'classifier:extra_trees:criterion': 'entropy', 'classifier:extra_trees:max_depth': 'None', 'classifier:extra_trees:max_features': 0.39536192447534535, 'classifier:extra_trees:max_leaf_nodes': 'None', 'classifier:extra_trees:min_impurity_decrease': 0.0, 'classifier:extra_trees:min_samples_leaf': 19, 'classifier:extra_trees:min_samples_split': 3, 'classifier:extra_trees:min_weight_fraction_leaf': 0.0, 'classifier:extra_trees:n_estimators': 100, 'preprocessor:random_trees_embedding:bootstrap': 'False', 'preprocessor:random_trees_embedding:max_depth': 5, 'preprocessor:random_trees_embedding:max_leaf_nodes': 'None', 'preprocessor:random_trees_embedding:min_samples_leaf': 11, 'preprocessor:random_trees_embedding:min_samples_split': 11, 'preprocessor:random_trees_embedding:min_weight_fraction_leaf': 1.0, 'preprocessor:random_trees_embedding:n_estimators': 12, 'rescaling:robust_scaler:q_max': 0.8928631650245873, 'rescaling:robust_scaler:q_min': 0.1581877760687084},
dataset_properties={
  'task': 1,
  'sparse': False,
  'multilabel': False,
  'multiclass': False,
  'target_type': 'classification',
  'signed': False})), (0.02, SimpleClassificationPipeline({'balancing:strategy': 'none', 'categorical_encoding:__choice__': 'one_hot_encoding', 'classifier:__choice__': 'random_forest', 'imputation:strategy': 'mean', 'preprocessor:__choice__': 'no_preprocessing', 'rescaling:__choice__': 'normalize', 'categorical_encoding:one_hot_encoding:use_minimum_fraction': 'True', 'classifier:random_forest:bootstrap': 'True', 'classifier:random_forest:criterion': 'gini', 'classifier:random_forest:max_depth': 'None', 'classifier:random_forest:max_features': 0.5240592829918601, 'classifier:random_forest:max_leaf_nodes': 'None', 'classifier:random_forest:min_impurity_decrease': 0.0, 'classifier:random_forest:min_samples_leaf': 10, 'classifier:random_forest:min_samples_split': 16, 'classifier:random_forest:min_weight_fraction_leaf': 0.0, 'classifier:random_forest:n_estimators': 100, 'categorical_encoding:one_hot_encoding:minimum_fraction': 0.00012586572428922356},
dataset_properties={
  'task': 1,
  'sparse': False,
  'multilabel': False,
  'multiclass': False,
  'target_type': 'classification',
  'signed': False})), (0.02, SimpleClassificationPipeline({'balancing:strategy': 'none', 'categorical_encoding:__choice__': 'no_encoding', 'classifier:__choice__': 'adaboost', 'imputation:strategy': 'median', 'preprocessor:__choice__': 'random_trees_embedding', 'rescaling:__choice__': 'quantile_transformer', 'classifier:adaboost:algorithm': 'SAMME', 'classifier:adaboost:learning_rate': 0.4399522636314109, 'classifier:adaboost:max_depth': 3, 'classifier:adaboost:n_estimators': 423, 'preprocessor:random_trees_embedding:bootstrap': 'True', 'preprocessor:random_trees_embedding:max_depth': 6, 'preprocessor:random_trees_embedding:max_leaf_nodes': 'None', 'preprocessor:random_trees_embedding:min_samples_leaf': 16, 'preprocessor:random_trees_embedding:min_samples_split': 15, 'preprocessor:random_trees_embedding:min_weight_fraction_leaf': 1.0, 'preprocessor:random_trees_embedding:n_estimators': 86, 'rescaling:quantile_transformer:n_quantiles': 531, 'rescaling:quantile_transformer:output_distribution': 'uniform'},
dataset_properties={
  'task': 1,
  'sparse': False,
  'multilabel': False,
  'multiclass': False,
  'target_type': 'classification',
  'signed': False})), (0.02, SimpleClassificationPipeline({'balancing:strategy': 'none', 'categorical_encoding:__choice__': 'one_hot_encoding', 'classifier:__choice__': 'decision_tree', 'imputation:strategy': 'most_frequent', 'preprocessor:__choice__': 'random_trees_embedding', 'rescaling:__choice__': 'minmax', 'categorical_encoding:one_hot_encoding:use_minimum_fraction': 'False', 'classifier:decision_tree:criterion': 'gini', 'classifier:decision_tree:max_depth_factor': 0.1860744253582618, 'classifier:decision_tree:max_features': 1.0, 'classifier:decision_tree:max_leaf_nodes': 'None', 'classifier:decision_tree:min_impurity_decrease': 0.0, 'classifier:decision_tree:min_samples_leaf': 3, 'classifier:decision_tree:min_samples_split': 19, 'classifier:decision_tree:min_weight_fraction_leaf': 0.0, 'preprocessor:random_trees_embedding:bootstrap': 'True', 'preprocessor:random_trees_embedding:max_depth': 7, 'preprocessor:random_trees_embedding:max_leaf_nodes': 'None', 'preprocessor:random_trees_embedding:min_samples_leaf': 20, 'preprocessor:random_trees_embedding:min_samples_split': 4, 'preprocessor:random_trees_embedding:min_weight_fraction_leaf': 1.0, 'preprocessor:random_trees_embedding:n_estimators': 86},
dataset_properties={
  'task': 1,
  'sparse': False,
  'multilabel': False,
  'multiclass': False,
  'target_type': 'classification',
  'signed': False}))]"	GAMETES_Epistasis_2-Way_1000atts_0.4H_EDM-1_EDM-1_1	2	1000	1600	1	0.6371559081620387	0.61	0.6384805866089674	0.6141456582633054	0.61	0.61	500	0.8883333333333333	0.8878950175563358	0.8877568399920703	0.8883333333333333	0.8878104672796298	0.8952603630022985	0.8883333333333333	0.8949224591160074	0.8878950175563358	0.8883333333333333	0.8883333333333333
